-- phpMyAdmin SQL Dump
-- version 4.2.7.1
-- http://www.phpmyadmin.net
--
-- Client :  localhost
-- Généré le :  Mer 16 Décembre 2020 à 22:48
-- Version du serveur :  5.6.20-log
-- Version de PHP :  5.5.15

SET SQL_MODE = "NO_AUTO_VALUE_ON_ZERO";
SET time_zone = "+00:00";


/*!40101 SET @OLD_CHARACTER_SET_CLIENT=@@CHARACTER_SET_CLIENT */;
/*!40101 SET @OLD_CHARACTER_SET_RESULTS=@@CHARACTER_SET_RESULTS */;
/*!40101 SET @OLD_COLLATION_CONNECTION=@@COLLATION_CONNECTION */;
/*!40101 SET NAMES utf8 */;

--
-- Base de données :  `u481158665_all_ffa_5`
--

-- --------------------------------------------------------

--
-- Structure de la table `club`
--

CREATE TABLE IF NOT EXISTS `club` (
`club_id` int(11) NOT NULL,
  `club_nom_complet` varchar(400) NOT NULL,
  `club_departement` varchar(400) NOT NULL,
  `club_region` varchar(400) NOT NULL,
  `epreuve_date_add` datetime NOT NULL DEFAULT CURRENT_TIMESTAMP
) ENGINE=MyISAM  DEFAULT CHARSET=latin1 AUTO_INCREMENT=160 ;

--
-- Contenu de la table `club`
--

INSERT INTO `club` (`club_id`, `club_nom_complet`, `club_departement`, `club_region`, `epreuve_date_add`) VALUES
(1, 'Nancy Athletisme Metropole*', 'G-E', '054', '2020-12-16 23:47:45'),
(2, 'Entente Brive Tulle Athle*', 'N-A', '019', '2020-12-16 23:47:45'),
(3, 'As Aix-Les-Bains*', 'ARA', '073', '2020-12-16 23:47:45'),
(4, 'Amiens Uc', 'H-F', '080', '2020-12-16 23:47:45'),
(5, 'Us Cagnes', 'PCA', '006', '2020-12-16 23:47:45'),
(6, 'Athletisme Sud 17*', 'N-A', '017', '2020-12-16 23:47:45'),
(7, 'Us Toul Athletisme', 'G-E', '054', '2020-12-16 23:47:45'),
(8, 'Ca Montreuil 93', 'I-F', '093', '2020-12-16 23:47:45'),
(9, 'Athle Du Pays De Vannes *', 'BRE', '056', '2020-12-16 23:47:45'),
(10, 'Asptt Besancon', 'BFC', '025', '2020-12-16 23:47:45'),
(11, 'Chaumont Vexin Thelle Athletiq', 'H-F', '060', '2020-12-16 23:47:45'),
(12, 'Ac Cannes', 'PCA', '006', '2020-12-16 23:47:45'),
(13, 'Doubs Sud Athletisme*', 'BFC', '025', '2020-12-16 23:47:45'),
(14, 'Athle 65 Lourdes Pays Des Gave', 'OCC', '065', '2020-12-16 23:47:45'),
(15, 'Gisors Athletic Club', 'NOR', '027', '2020-12-16 23:47:45'),
(16, 'Ca Bastia', 'COR', '202', '2020-12-16 23:47:45'),
(17, 'As Caluire Et Cuire', 'ARA', '069', '2020-12-16 23:47:45'),
(18, 'Athletic Vosges Entente Clubs*', 'G-E', '088', '2020-12-16 23:47:45'),
(19, 'Savigny Senart Athletisme', 'I-F', '077', '2020-12-16 23:47:45'),
(20, 'Athle Tarn Nord*', 'OCC', '081', '2020-12-16 23:47:45'),
(21, 'Ea St Quentin En Yvelines', 'I-F', '078', '2020-12-16 23:47:45'),
(22, 'Acrlp Locmine-Pontivy-Ploermel', 'BRE', '056', '2020-12-16 23:47:45'),
(23, 'Entente Nord De L Aisne Athlet', 'H-F', '002', '2020-12-16 23:47:45'),
(24, 'Quimper Athletisme', 'BRE', '029', '2020-12-16 23:47:45'),
(25, 'Ea Cergy Pontoise Athletisme *', 'I-F', '095', '2020-12-16 23:47:45'),
(26, 'Es Segre Haut Anjou *', 'P-L', '049', '2020-12-16 23:47:45'),
(27, 'Mandelieu La Napoule Ac', 'PCA', '006', '2020-12-16 23:47:46'),
(28, 'Nantes Ec', 'P-L', '044', '2020-12-16 23:47:46'),
(29, 'Sa Montbrisonnais', 'ARA', '042', '2020-12-16 23:47:46'),
(30, 'Stade Sottevillais 76*', 'NOR', '076', '2020-12-16 23:47:46'),
(31, 'Dac Reims*', 'G-E', '051', '2020-12-16 23:47:46'),
(32, 'Athle 55 *', 'G-E', '055', '2020-12-16 23:47:46'),
(33, 'Ep Manosque Athletisme', 'PCA', '004', '2020-12-16 23:47:46'),
(34, 'Entente Oise Athletisme *', 'H-F', '060', '2020-12-16 23:47:46'),
(35, 'Efs Reims A. *', 'G-E', '051', '2020-12-16 23:47:46'),
(36, 'Cpb Rennes', 'BRE', '035', '2020-12-16 23:47:46'),
(37, 'Entente Athle 58*', 'BFC', '058', '2020-12-16 23:47:46'),
(38, 'Sa Merignac', 'N-A', '033', '2020-12-16 23:47:46'),
(39, 'Haute Bretagne Athletisme *', 'BRE', '035', '2020-12-16 23:47:46'),
(40, 'Grand Paris Seine & Oise Athle', 'I-F', '078', '2020-12-16 23:47:46'),
(41, 'Cs Bourgoin-Jallieu *', 'ARA', '038', '2020-12-16 23:47:46'),
(42, 'Montauban Athletisme', 'OCC', '082', '2020-12-16 23:47:46'),
(43, 'Union Athletique Occitane 31*', 'OCC', '031', '2020-12-16 23:47:46'),
(44, 'Stade Langonnais Athletisme*', 'N-A', '033', '2020-12-16 23:47:46'),
(45, 'Sco Ste-Marguerite Marseille*', 'PCA', '013', '2020-12-16 23:47:46'),
(46, 'Sud Aisne Athle*', 'H-F', '002', '2020-12-16 23:47:46'),
(47, 'Us Athletiques De Lievin*', 'H-F', '062', '2020-12-16 23:47:46'),
(48, 'NL la veille de la compÃƒÂ©tition', '', '', '2020-12-16 23:47:46'),
(49, 'Racing Club Nantais *', 'P-L', '044', '2020-12-16 23:47:46'),
(50, 'Entente Littoral Athletisme No', 'H-F', '059', '2020-12-16 23:47:46'),
(51, 'Us Talence*', 'N-A', '033', '2020-12-16 23:47:46'),
(52, 'Stade Rennais Athletisme*', 'BRE', '035', '2020-12-16 23:47:46'),
(53, 'Fensch Moselle *', 'G-E', '057', '2020-12-16 23:47:46'),
(54, 'Entente Sambre Avesnois 59*', 'H-F', '059', '2020-12-16 23:47:46'),
(55, 'U.A. Orange Haut Vaucluse*', 'PCA', '084', '2020-12-16 23:47:46'),
(56, 'Toulon Ec', 'PCA', '083', '2020-12-16 23:47:46'),
(57, 'Athle 52 *', 'G-E', '052', '2020-12-16 23:47:46'),
(58, 'Athletic Club Arpajonais', 'I-F', '091', '2020-12-16 23:47:46'),
(59, 'Es Montgeron', 'I-F', '091', '2020-12-16 23:47:46'),
(60, 'E.A.C.*', 'BRE', '035', '2020-12-16 23:47:46'),
(61, 'Entente Sud Lyonnais*', 'ARA', '069', '2020-12-16 23:47:46'),
(62, 'C.C. Taverny Athletisme', 'I-F', '095', '2020-12-16 23:47:46'),
(63, 'Evreux Ac *', 'NOR', '027', '2020-12-16 23:47:46'),
(64, 'Troyes Omnisports', 'G-E', '010', '2020-12-16 23:47:46'),
(65, 'Ea Saint-Chamond', 'ARA', '042', '2020-12-16 23:47:46'),
(66, 'Grasse Athletic Club', 'PCA', '006', '2020-12-16 23:47:46'),
(67, 'Auby Athletic Club', 'H-F', '059', '2020-12-16 23:47:46'),
(68, 'Us Valenciennes Athletisme', 'H-F', '059', '2020-12-16 23:47:46'),
(69, 'Asptt Dijon Athletisme', 'BFC', '021', '2020-12-16 23:47:46'),
(70, 'Mjc Marigny-Flavy', 'G-E', '010', '2020-12-16 23:47:46'),
(71, 'Ca Balma', 'OCC', '031', '2020-12-16 23:47:46'),
(72, 'Lons Athle 39', 'BFC', '039', '2020-12-16 23:47:46'),
(73, 'Entente Athletique Car Rhodia', 'ARA', '069', '2020-12-16 23:47:46'),
(74, 'Amicale Neufchatel Athletisme', 'NOR', '076', '2020-12-16 23:47:46'),
(75, 'Ga Noisy Le Grand', 'I-F', '093', '2020-12-16 23:47:46'),
(76, 'Caen Athletic Club*', 'NOR', '014', '2020-12-16 23:47:46'),
(77, 'Villeneuve D Ascq Fretin Athle', 'H-F', '059', '2020-12-16 23:47:46'),
(78, 'Braud Ac', 'N-A', '033', '2020-12-16 23:47:46'),
(79, 'Stade Brestois *', 'BRE', '029', '2020-12-16 23:47:46'),
(80, 'Athle 66*', 'OCC', '066', '2020-12-16 23:47:46'),
(81, 'Sa Toulouse Uc', 'OCC', '031', '2020-12-16 23:47:46'),
(82, 'Ua Coteaux De Garonne*', 'N-A', '033', '2020-12-16 23:47:46'),
(83, 'Ea Bourg-En-Bresse*', 'ARA', '001', '2020-12-16 23:47:46'),
(84, 'Strasbourg Agglomeration Athle', 'G-E', '067', '2020-12-16 23:47:46'),
(85, 'St Michel Sports', 'I-F', '091', '2020-12-16 23:47:46'),
(86, 'Ea Mondeville Herouville*', 'NOR', '014', '2020-12-16 23:47:46'),
(87, 'Concarneau Olympique Athletism', 'BRE', '029', '2020-12-16 23:47:46'),
(88, 'Iroise Athletisme*', 'BRE', '029', '2020-12-16 23:47:46'),
(89, 'Ua Versailles', 'I-F', '078', '2020-12-16 23:47:47'),
(90, 'Le Souffle Des Abers Lannilis', 'BRE', '029', '2020-12-16 23:47:47'),
(91, 'Athletic Sud Vendee *', 'P-L', '085', '2020-12-16 23:47:47'),
(92, 'Yonne Ac*', 'BFC', '089', '2020-12-16 23:47:47'),
(93, 'Decines Meyzieu Athletisme*', 'ARA', '069', '2020-12-16 23:47:47'),
(94, 'As Strasbourg', 'G-E', '067', '2020-12-16 23:47:47'),
(95, 'Entente Sarthe Athletisme*', 'P-L', '072', '2020-12-16 23:47:47'),
(96, 'Athle 91*', 'I-F', '091', '2020-12-16 23:47:47'),
(97, 'Esp Dreux', 'CEN', '028', '2020-12-16 23:47:47'),
(98, 'Athle Provence Clubs*', 'PCA', '013', '2020-12-16 23:47:47'),
(99, 'Es Isbergues', 'H-F', '062', '2020-12-16 23:47:47'),
(100, 'Servins Athletic Club', 'H-F', '062', '2020-12-16 23:47:47'),
(101, 'Ga Haut-Saonois (Fc)', 'BFC', '070', '2020-12-16 23:47:47'),
(102, 'Upac Chateau-Gontier *', 'P-L', '053', '2020-12-16 23:47:47'),
(103, 'Entente Haute Gironde Athletis', 'N-A', '033', '2020-12-16 23:47:47'),
(104, 'Fabregues Athletisme', 'OCC', '034', '2020-12-16 23:47:47'),
(105, 'Usam Toulon', 'PCA', '083', '2020-12-16 23:47:47'),
(106, 'Ua Sens*', 'BFC', '089', '2020-12-16 23:47:47'),
(107, 'Ems Athletisme', 'NOR', '027', '2020-12-16 23:47:47'),
(108, 'Rc De Lens Athletisme*', 'H-F', '062', '2020-12-16 23:47:47'),
(109, 'Entente De Haute Alsace*', 'G-E', '068', '2020-12-16 23:47:47'),
(110, 'E A Rhone Vercors 26 07*', 'ARA', '026', '2020-12-16 23:47:47'),
(111, 'Grac Athletisme*', 'G-E', '008', '2020-12-16 23:47:47'),
(112, 'Grand Angouleme Athletisme', 'N-A', '016', '2020-12-16 23:47:47'),
(113, 'Ca Parthenay', 'N-A', '079', '2020-12-16 23:47:47'),
(114, 'Ea Pays De Broceliande', 'BRE', '035', '2020-12-16 23:47:47'),
(115, 'E Pays Fayence Athletisme', 'PCA', '083', '2020-12-16 23:47:47'),
(116, 'Amicale Athletisme Du Roumois', 'NOR', '027', '2020-12-16 23:47:47'),
(117, 'Es Sartrouville', 'I-F', '078', '2020-12-16 23:47:47'),
(118, 'Athle Bocage Vendee*', 'P-L', '085', '2020-12-16 23:47:47'),
(119, 'Charleville Mezieres Athletism', 'G-E', '008', '2020-12-16 23:47:47'),
(120, 'Ac De La Haute Meurthe *', 'G-E', '088', '2020-12-16 23:47:47'),
(121, 'Savigny Athletisme 91', 'I-F', '091', '2020-12-16 23:47:47'),
(122, 'Essonne Athletic*', 'I-F', '091', '2020-12-16 23:47:47'),
(123, 'Dijon Uc*', 'BFC', '021', '2020-12-16 23:47:47'),
(124, 'Lyon Athletisme*', 'ARA', '069', '2020-12-16 23:47:47'),
(125, 'Angers Athle*', 'P-L', '049', '2020-12-16 23:47:48'),
(126, 'Saint Claude Athletisme', 'BFC', '039', '2020-12-16 23:47:48'),
(127, 'Es Coueron', 'P-L', '044', '2020-12-16 23:47:48'),
(128, 'Aunis A. La Rochelle Aytre*', 'N-A', '017', '2020-12-16 23:47:48'),
(129, 'Artois Athletisme*', 'H-F', '062', '2020-12-16 23:47:48'),
(130, 'Pays De Colmar Athletisme*', 'G-E', '068', '2020-12-16 23:47:48'),
(131, 'Entente Athletique Grenoble 38', 'ARA', '038', '2020-12-16 23:47:48'),
(132, 'Cag Arnouville Gonesse Villier', 'I-F', '095', '2020-12-16 23:47:48'),
(133, 'Vitrolles Sport Athletisme', 'PCA', '013', '2020-12-16 23:47:48'),
(134, 'Ca Portets', 'N-A', '033', '2020-12-16 23:47:48'),
(135, 'Entente Des Mauges*', 'P-L', '049', '2020-12-16 23:47:48'),
(136, 'Entente Poitiers Athle 86', 'N-A', '086', '2020-12-16 23:47:48'),
(137, 'Athle 11*', 'OCC', '011', '2020-12-16 23:47:48'),
(138, 'As Tourlaville', 'NOR', '050', '2020-12-16 23:47:48'),
(139, 'Lille Metropole Athletisme*', 'H-F', '059', '2020-12-16 23:47:48'),
(140, 'Ao Charenton', 'I-F', '094', '2020-12-16 23:47:48'),
(141, 'Draguignan Uc', 'PCA', '083', '2020-12-16 23:47:48'),
(142, 'A Six Fours', 'PCA', '083', '2020-12-16 23:47:48'),
(143, 'Annecy Haute Savoie A. *', 'ARA', '074', '2020-12-16 23:47:48'),
(144, 'Gdm Saint-James', 'NOR', '050', '2020-12-16 23:47:48'),
(145, 'Sainte-Genevieve Sports', 'I-F', '091', '2020-12-16 23:47:48'),
(146, 'Entente Franconville Cesame Va', 'I-F', '095', '2020-12-16 23:47:48'),
(147, 'Bec Leognan Athletisme*', 'N-A', '033', '2020-12-16 23:47:48'),
(148, 'Nantes Metropole Athletisme*', 'P-L', '044', '2020-12-16 23:47:48'),
(149, 'Dole Ac', 'BFC', '039', '2020-12-16 23:47:48'),
(150, 'Athletic Club Pays De L Ourcq', 'I-F', '077', '2020-12-16 23:47:48'),
(151, 'As St Medard', 'N-A', '033', '2020-12-16 23:47:48'),
(152, 'Pessac Ac', 'N-A', '033', '2020-12-16 23:47:48'),
(153, 'Havre Ac', 'NOR', '076', '2020-12-16 23:47:48'),
(154, 'Entente Angevine Athletisme*', 'P-L', '049', '2020-12-16 23:47:48'),
(155, 'Oa Hazebrouck', 'H-F', '059', '2020-12-16 23:47:48'),
(156, 'Ac Chatenois-Les-Forges', 'BFC', '090', '2020-12-16 23:47:48'),
(157, 'Gresiathle', 'ARA', '038', '2020-12-16 23:47:48'),
(158, 'Ea Macon', 'BFC', '071', '2020-12-16 23:47:48'),
(159, 'Cjf Saint-Malo', 'BRE', '035', '2020-12-16 23:47:48');

-- --------------------------------------------------------

--
-- Structure de la table `epreuve`
--

CREATE TABLE IF NOT EXISTS `epreuve` (
`epreuve_id` int(11) NOT NULL,
  `epreuve_nom_complet` varchar(150) NOT NULL,
  `epreuve_filtre_nom` varchar(500) NOT NULL,
  `epreuve_sex` varchar(1) NOT NULL,
  `epreuve_emplacement` varchar(10) NOT NULL,
  `epreuve_add_date` datetime NOT NULL DEFAULT CURRENT_TIMESTAMP
) ENGINE=MyISAM  DEFAULT CHARSET=latin1 AUTO_INCREMENT=2 ;

--
-- Contenu de la table `epreuve`
--

INSERT INTO `epreuve` (`epreuve_id`, `epreuve_nom_complet`, `epreuve_filtre_nom`, `epreuve_sex`, `epreuve_emplacement`, `epreuve_add_date`) VALUES
(1, '50m - Salle | F', '50m - Salle ', 'F', 'SALLE', '2020-12-16 23:47:45');

-- --------------------------------------------------------

--
-- Structure de la table `nationality`
--

CREATE TABLE IF NOT EXISTS `nationality` (
`nationality_id` int(11) NOT NULL,
  `nationality_name` varchar(400) NOT NULL,
  `nationality_date_add` datetime NOT NULL DEFAULT CURRENT_TIMESTAMP
) ENGINE=MyISAM  DEFAULT CHARSET=latin1 AUTO_INCREMENT=6 ;

--
-- Contenu de la table `nationality`
--

INSERT INTO `nationality` (`nationality_id`, `nationality_name`, `nationality_date_add`) VALUES
(1, 'LUX', '2020-12-16 23:47:45'),
(2, 'FR', '2020-12-16 23:47:45'),
(3, 'SUI', '2020-12-16 23:47:45'),
(4, 'POR', '2020-12-16 23:47:46'),
(5, 'GBR', '2020-12-16 23:47:48');

-- --------------------------------------------------------

--
-- Structure de la table `result`
--

CREATE TABLE IF NOT EXISTS `result` (
`result_id` int(11) NOT NULL,
  `result_club_id` varchar(11) NOT NULL,
  `result_epreuve_id` varchar(400) NOT NULL,
  `result_users_id` varchar(11) NOT NULL,
  `result_club_nom` varchar(50) NOT NULL,
  `result_club_region` varchar(50) NOT NULL,
  `result_club_departement` varchar(50) NOT NULL,
  `result_epreuve_nom_complet` varchar(400) NOT NULL,
  `result_epreuve_filtre_nom` varchar(400) NOT NULL,
  `result_epreuve_sex` varchar(500) NOT NULL,
  `result_epreuve_emplacement` varchar(500) NOT NULL,
  `result_users_nom_complet` varchar(500) NOT NULL,
  `result_users_nom` varchar(400) NOT NULL,
  `result_users_prenom0` varchar(100) NOT NULL,
  `result_users_prenom1` varchar(400) NOT NULL,
  `result_users_prenom2` varchar(400) NOT NULL,
  `result_users_sex` varchar(1) NOT NULL,
  `result_users_naissance` varchar(400) NOT NULL,
  `result_users_naissance2` varchar(400) NOT NULL,
  `result_users_nationality` varchar(500) NOT NULL,
  `result_villes_nom` varchar(400) NOT NULL,
  `result_date_perf` varchar(255) NOT NULL,
  `result_add_time` datetime NOT NULL DEFAULT CURRENT_TIMESTAMP
) ENGINE=MyISAM  DEFAULT CHARSET=latin1 AUTO_INCREMENT=140 ;

--
-- Contenu de la table `result`
--

INSERT INTO `result` (`result_id`, `result_club_id`, `result_epreuve_id`, `result_users_id`, `result_club_nom`, `result_club_region`, `result_club_departement`, `result_epreuve_nom_complet`, `result_epreuve_filtre_nom`, `result_epreuve_sex`, `result_epreuve_emplacement`, `result_users_nom_complet`, `result_users_nom`, `result_users_prenom0`, `result_users_prenom1`, `result_users_prenom2`, `result_users_sex`, `result_users_naissance`, `result_users_naissance2`, `result_users_nationality`, `result_villes_nom`, `result_date_perf`, `result_add_time`) VALUES
(1, '2', '1', '2', '', '', '', '', '', '', '', '', '', '', '', '', '', '', '', '', '', '', '2020-12-16 23:47:45'),
(2, '1', '1', '1', '', '', '', '', '', '', '', '', '', '', '', '', '', '', '', '', '', '', '2020-12-16 23:47:45'),
(3, '', '1', '3', '', '', '', '', '', '', '', '', '', '', '', '', '', '', '', '', '', '', '2020-12-16 23:47:45'),
(4, '3', '1', '4', '', '', '', '', '', '', '', '', '', '', '', '', '', '', '', '', '', '', '2020-12-16 23:47:45'),
(5, '5', '1', '5', '', '', '', '', '', '', '', '', '', '', '', '', '', '', '', '', '', '', '2020-12-16 23:47:45'),
(6, '6', '1', '7', '', '', '', '', '', '', '', '', '', '', '', '', '', '', '', '', '', '', '2020-12-16 23:47:45'),
(7, '8', '1', '8', '', '', '', '', '', '', '', '', '', '', '', '', '', '', '', '', '', '', '2020-12-16 23:47:45'),
(8, '10', '1', '10', '', '', '', '', '', '', '', '', '', '', '', '', '', '', '', '', '', '', '2020-12-16 23:47:45'),
(9, '9', '1', '9', '', '', '', '', '', '', '', '', '', '', '', '', '', '', '', '', '', '', '2020-12-16 23:47:45'),
(10, '11', '1', '11', '', '', '', '', '', '', '', '', '', '', '', '', '', '', '', '', '', '', '2020-12-16 23:47:45'),
(11, '13', '1', '13', '', '', '', '', '', '', '', '', '', '', '', '', '', '', '', '', '', '', '2020-12-16 23:47:45'),
(12, '15', '1', '16', '', '', '', '', '', '', '', '', '', '', '', '', '', '', '', '', '', '', '2020-12-16 23:47:45'),
(13, '17', '1', '18', '', '', '', '', '', '', '', '', '', '', '', '', '', '', '', '', '', '', '2020-12-16 23:47:45'),
(14, '18', '1', '17', '', '', '', '', '', '', '', '', '', '', '', '', '', '', '', '', '', '', '2020-12-16 23:47:45'),
(15, '12', '1', '20', '', '', '', '', '', '', '', '', '', '', '', '', '', '', '', '', '', '', '2020-12-16 23:47:45'),
(16, '19', '1', '19', '', '', '', '', '', '', '', '', '', '', '', '', '', '', '', '', '', '', '2020-12-16 23:47:45'),
(17, '21', '1', '23', '', '', '', '', '', '', '', '', '', '', '', '', '', '', '', '', '', '', '2020-12-16 23:47:45'),
(18, '20', '1', '24', '', '', '', '', '', '', '', '', '', '', '', '', '', '', '', '', '', '', '2020-12-16 23:47:45'),
(19, '23', '1', '26', '', '', '', '', '', '', '', '', '', '', '', '', '', '', '', '', '', '', '2020-12-16 23:47:45'),
(20, '22', '1', '25', '', '', '', '', '', '', '', '', '', '', '', '', '', '', '', '', '', '', '2020-12-16 23:47:45'),
(21, '24', '1', '27', '', '', '', '', '', '', '', '', '', '', '', '', '', '', '', '', '', '', '2020-12-16 23:47:45'),
(22, '26', '1', '29', '', '', '', '', '', '', '', '', '', '', '', '', '', '', '', '', '', '', '2020-12-16 23:47:46'),
(23, '25', '1', '28', '', '', '', '', '', '', '', '', '', '', '', '', '', '', '', '', '', '', '2020-12-16 23:47:46'),
(24, '27', '1', '31', '', '', '', '', '', '', '', '', '', '', '', '', '', '', '', '', '', '', '2020-12-16 23:47:46'),
(25, '28', '1', '33', '', '', '', '', '', '', '', '', '', '', '', '', '', '', '', '', '', '', '2020-12-16 23:47:46'),
(26, '29', '1', '32', '', '', '', '', '', '', '', '', '', '', '', '', '', '', '', '', '', '', '2020-12-16 23:47:46'),
(27, '30', '1', '34', '', '', '', '', '', '', '', '', '', '', '', '', '', '', '', '', '', '', '2020-12-16 23:47:46'),
(28, '32', '1', '36', '', '', '', '', '', '', '', '', '', '', '', '', '', '', '', '', '', '', '2020-12-16 23:47:46'),
(29, '33', '1', '37', '', '', '', '', '', '', '', '', '', '', '', '', '', '', '', '', '', '', '2020-12-16 23:47:46'),
(30, '31', '1', '35', '', '', '', '', '', '', '', '', '', '', '', '', '', '', '', '', '', '', '2020-12-16 23:47:46'),
(31, '34', '1', '39', '', '', '', '', '', '', '', '', '', '', '', '', '', '', '', '', '', '', '2020-12-16 23:47:46'),
(32, '35', '1', '38', '', '', '', '', '', '', '', '', '', '', '', '', '', '', '', '', '', '', '2020-12-16 23:47:46'),
(33, '36', '1', '40', '', '', '', '', '', '', '', '', '', '', '', '', '', '', '', '', '', '', '2020-12-16 23:47:46'),
(34, '38', '1', '44', '', '', '', '', '', '', '', '', '', '', '', '', '', '', '', '', '', '', '2020-12-16 23:47:46'),
(35, '40', '1', '45', '', '', '', '', '', '', '', '', '', '', '', '', '', '', '', '', '', '', '2020-12-16 23:47:46'),
(36, '39', '1', '43', '', '', '', '', '', '', '', '', '', '', '', '', '', '', '', '', '', '', '2020-12-16 23:47:46'),
(37, '41', '1', '46', '', '', '', '', '', '', '', '', '', '', '', '', '', '', '', '', '', '', '2020-12-16 23:47:46'),
(38, '42', '1', '47', '', '', '', '', '', '', '', '', '', '', '', '', '', '', '', '', '', '', '2020-12-16 23:47:46'),
(39, '43', '1', '49', '', '', '', '', '', '', '', '', '', '', '', '', '', '', '', '', '', '', '2020-12-16 23:47:46'),
(40, '45', '1', '51', '', '', '', '', '', '', '', '', '', '', '', '', '', '', '', '', '', '', '2020-12-16 23:47:46'),
(41, '44', '1', '50', '', '', '', '', '', '', '', '', '', '', '', '', '', '', '', '', '', '', '2020-12-16 23:47:46'),
(42, '46', '1', '52', '', '', '', '', '', '', '', '', '', '', '', '', '', '', '', '', '', '', '2020-12-16 23:47:46'),
(43, '47', '1', '53', '', '', '', '', '', '', '', '', '', '', '', '', '', '', '', '', '', '', '2020-12-16 23:47:46'),
(44, '48', '1', '54', '', '', '', '', '', '', '', '', '', '', '', '', '', '', '', '', '', '', '2020-12-16 23:47:46'),
(45, '50', '1', '56', '', '', '', '', '', '', '', '', '', '', '', '', '', '', '', '', '', '', '2020-12-16 23:47:46'),
(46, '51', '1', '57', '', '', '', '', '', '', '', '', '', '', '', '', '', '', '', '', '', '', '2020-12-16 23:47:46'),
(47, '49', '1', '55', '', '', '', '', '', '', '', '', '', '', '', '', '', '', '', '', '', '', '2020-12-16 23:47:46'),
(48, '53', '1', '59', '', '', '', '', '', '', '', '', '', '', '', '', '', '', '', '', '', '', '2020-12-16 23:47:46'),
(49, '52', '1', '58', '', '', '', '', '', '', '', '', '', '', '', '', '', '', '', '', '', '', '2020-12-16 23:47:46'),
(50, '54', '1', '60', '', '', '', '', '', '', '', '', '', '', '', '', '', '', '', '', '', '', '2020-12-16 23:47:46'),
(51, '55', '1', '62', '', '', '', '', '', '', '', '', '', '', '', '', '', '', '', '', '', '', '2020-12-16 23:47:46'),
(52, '56', '1', '63', '', '', '', '', '', '', '', '', '', '', '', '', '', '', '', '', '', '', '2020-12-16 23:47:46'),
(53, '58', '1', '67', '', '', '', '', '', '', '', '', '', '', '', '', '', '', '', '', '', '', '2020-12-16 23:47:46'),
(54, '59', '1', '68', '', '', '', '', '', '', '', '', '', '', '', '', '', '', '', '', '', '', '2020-12-16 23:47:46'),
(55, '61', '1', '71', '', '', '', '', '', '', '', '', '', '', '', '', '', '', '', '', '', '', '2020-12-16 23:47:46'),
(56, '63', '1', '74', '', '', '', '', '', '', '', '', '', '', '', '', '', '', '', '', '', '', '2020-12-16 23:47:46'),
(57, '65', '1', '76', '', '', '', '', '', '', '', '', '', '', '', '', '', '', '', '', '', '', '2020-12-16 23:47:46'),
(58, '66', '1', '79', '', '', '', '', '', '', '', '', '', '', '', '', '', '', '', '', '', '', '2020-12-16 23:47:46'),
(59, '68', '1', '81', '', '', '', '', '', '', '', '', '', '', '', '', '', '', '', '', '', '', '2020-12-16 23:47:46'),
(60, '69', '1', '82', '', '', '', '', '', '', '', '', '', '', '', '', '', '', '', '', '', '', '2020-12-16 23:47:46'),
(61, '64', '1', '83', '', '', '', '', '', '', '', '', '', '', '', '', '', '', '', '', '', '', '2020-12-16 23:47:46'),
(62, '71', '1', '84', '', '', '', '', '', '', '', '', '', '', '', '', '', '', '', '', '', '', '2020-12-16 23:47:46'),
(63, '72', '1', '86', '', '', '', '', '', '', '', '', '', '', '', '', '', '', '', '', '', '', '2020-12-16 23:47:46'),
(64, '75', '1', '89', '', '', '', '', '', '', '', '', '', '', '', '', '', '', '', '', '', '', '2020-12-16 23:47:46'),
(65, '76', '1', '90', '', '', '', '', '', '', '', '', '', '', '', '', '', '', '', '', '', '', '2020-12-16 23:47:46'),
(66, '77', '1', '91', '', '', '', '', '', '', '', '', '', '', '', '', '', '', '', '', '', '', '2020-12-16 23:47:46'),
(67, '73', '1', '88', '', '', '', '', '', '', '', '', '', '', '', '', '', '', '', '', '', '', '2020-12-16 23:47:46'),
(68, '78', '1', '93', '', '', '', '', '', '', '', '', '', '', '', '', '', '', '', '', '', '', '2020-12-16 23:47:46'),
(69, '79', '1', '97', '', '', '', '', '', '', '', '', '', '', '', '', '', '', '', '', '', '', '2020-12-16 23:47:46'),
(70, '80', '1', '98', '', '', '', '', '', '', '', '', '', '', '', '', '', '', '', '', '', '', '2020-12-16 23:47:46'),
(71, '81', '1', '99', '', '', '', '', '', '', '', '', '', '', '', '', '', '', '', '', '', '', '2020-12-16 23:47:46'),
(72, '82', '1', '100', '', '', '', '', '', '', '', '', '', '', '', '', '', '', '', '', '', '', '2020-12-16 23:47:46'),
(73, '84', '1', '102', '', '', '', '', '', '', '', '', '', '', '', '', '', '', '', '', '', '', '2020-12-16 23:47:46'),
(74, '83', '1', '101', '', '', '', '', '', '', '', '', '', '', '', '', '', '', '', '', '', '', '2020-12-16 23:47:46'),
(75, '85', '1', '103', '', '', '', '', '', '', '', '', '', '', '', '', '', '', '', '', '', '', '2020-12-16 23:47:46'),
(76, '87', '1', '106', '', '', '', '', '', '', '', '', '', '', '', '', '', '', '', '', '', '', '2020-12-16 23:47:47'),
(77, '88', '1', '108', '', '', '', '', '', '', '', '', '', '', '', '', '', '', '', '', '', '', '2020-12-16 23:47:47'),
(78, '86', '1', '105', '', '', '', '', '', '', '', '', '', '', '', '', '', '', '', '', '', '', '2020-12-16 23:47:47'),
(79, '90', '1', '112', '', '', '', '', '', '', '', '', '', '', '', '', '', '', '', '', '', '', '2020-12-16 23:47:47'),
(80, '89', '1', '110', '', '', '', '', '', '', '', '', '', '', '', '', '', '', '', '', '', '', '2020-12-16 23:47:47'),
(81, '91', '1', '114', '', '', '', '', '', '', '', '', '', '', '', '', '', '', '', '', '', '', '2020-12-16 23:47:47'),
(82, '92', '1', '115', '', '', '', '', '', '', '', '', '', '', '', '', '', '', '', '', '', '', '2020-12-16 23:47:47'),
(83, '93', '1', '124', '', '', '', '', '', '', '', '', '', '', '', '', '', '', '', '', '', '', '2020-12-16 23:47:47'),
(84, '94', '1', '126', '', '', '', '', '', '', '', '', '', '', '', '', '', '', '', '', '', '', '2020-12-16 23:47:47'),
(85, '96', '1', '129', '', '', '', '', '', '', '', '', '', '', '', '', '', '', '', '', '', '', '2020-12-16 23:47:47'),
(86, '98', '1', '130', '', '', '', '', '', '', '', '', '', '', '', '', '', '', '', '', '', '', '2020-12-16 23:47:47'),
(87, '97', '1', '131', '', '', '', '', '', '', '', '', '', '', '', '', '', '', '', '', '', '', '2020-12-16 23:47:47'),
(88, '99', '1', '134', '', '', '', '', '', '', '', '', '', '', '', '', '', '', '', '', '', '', '2020-12-16 23:47:47'),
(89, '100', '1', '135', '', '', '', '', '', '', '', '', '', '', '', '', '', '', '', '', '', '', '2020-12-16 23:47:47'),
(90, '101', '1', '136', '', '', '', '', '', '', '', '', '', '', '', '', '', '', '', '', '', '', '2020-12-16 23:47:47'),
(91, '102', '1', '137', '', '', '', '', '', '', '', '', '', '', '', '', '', '', '', '', '', '', '2020-12-16 23:47:47'),
(92, '103', '1', '140', '', '', '', '', '', '', '', '', '', '', '', '', '', '', '', '', '', '', '2020-12-16 23:47:47'),
(93, '105', '1', '142', '', '', '', '', '', '', '', '', '', '', '', '', '', '', '', '', '', '', '2020-12-16 23:47:47'),
(94, '106', '1', '143', '', '', '', '', '', '', '', '', '', '', '', '', '', '', '', '', '', '', '2020-12-16 23:47:47'),
(95, '107', '1', '144', '', '', '', '', '', '', '', '', '', '', '', '', '', '', '', '', '', '', '2020-12-16 23:47:47'),
(96, '108', '1', '145', '', '', '', '', '', '', '', '', '', '', '', '', '', '', '', '', '', '', '2020-12-16 23:47:47'),
(97, '109', '1', '146', '', '', '', '', '', '', '', '', '', '', '', '', '', '', '', '', '', '', '2020-12-16 23:47:47'),
(98, '110', '1', '148', '', '', '', '', '', '', '', '', '', '', '', '', '', '', '', '', '', '', '2020-12-16 23:47:47'),
(99, '111', '1', '150', '', '', '', '', '', '', '', '', '', '', '', '', '', '', '', '', '', '', '2020-12-16 23:47:47'),
(100, '113', '1', '151', '', '', '', '', '', '', '', '', '', '', '', '', '', '', '', '', '', '', '2020-12-16 23:47:47'),
(101, '114', '1', '152', '', '', '', '', '', '', '', '', '', '', '', '', '', '', '', '', '', '', '2020-12-16 23:47:47'),
(102, '116', '1', '156', '', '', '', '', '', '', '', '', '', '', '', '', '', '', '', '', '', '', '2020-12-16 23:47:47'),
(103, '118', '1', '158', '', '', '', '', '', '', '', '', '', '', '', '', '', '', '', '', '', '', '2020-12-16 23:47:47'),
(104, '119', '1', '159', '', '', '', '', '', '', '', '', '', '', '', '', '', '', '', '', '', '', '2020-12-16 23:47:47'),
(105, '120', '1', '160', '', '', '', '', '', '', '', '', '', '', '', '', '', '', '', '', '', '', '2020-12-16 23:47:47'),
(106, '121', '1', '164', '', '', '', '', '', '', '', '', '', '', '', '', '', '', '', '', '', '', '2020-12-16 23:47:47'),
(107, '122', '1', '166', '', '', '', '', '', '', '', '', '', '', '', '', '', '', '', '', '', '', '2020-12-16 23:47:47'),
(108, '123', '1', '172', '', '', '', '', '', '', '', '', '', '', '', '', '', '', '', '', '', '', '2020-12-16 23:47:47'),
(109, '124', '1', '175', '', '', '', '', '', '', '', '', '', '', '', '', '', '', '', '', '', '', '2020-12-16 23:47:48'),
(110, '125', '1', '178', '', '', '', '', '', '', '', '', '', '', '', '', '', '', '', '', '', '', '2020-12-16 23:47:48'),
(111, '128', '1', '186', '', '', '', '', '', '', '', '', '', '', '', '', '', '', '', '', '', '', '2020-12-16 23:47:48'),
(112, '129', '1', '187', '', '', '', '', '', '', '', '', '', '', '', '', '', '', '', '', '', '', '2020-12-16 23:47:48'),
(113, '130', '1', '188', '', '', '', '', '', '', '', '', '', '', '', '', '', '', '', '', '', '', '2020-12-16 23:47:48'),
(114, '131', '1', '190', '', '', '', '', '', '', '', '', '', '', '', '', '', '', '', '', '', '', '2020-12-16 23:47:48'),
(115, '132', '1', '191', '', '', '', '', '', '', '', '', '', '', '', '', '', '', '', '', '', '', '2020-12-16 23:47:48'),
(116, '133', '1', '193', '', '', '', '', '', '', '', '', '', '', '', '', '', '', '', '', '', '', '2020-12-16 23:47:48'),
(117, '135', '1', '195', '', '', '', '', '', '', '', '', '', '', '', '', '', '', '', '', '', '', '2020-12-16 23:47:48'),
(118, '136', '1', '198', '', '', '', '', '', '', '', '', '', '', '', '', '', '', '', '', '', '', '2020-12-16 23:47:48'),
(119, '137', '1', '200', '', '', '', '', '', '', '', '', '', '', '', '', '', '', '', '', '', '', '2020-12-16 23:47:48'),
(120, '139', '1', '202', '', '', '', '', '', '', '', '', '', '', '', '', '', '', '', '', '', '', '2020-12-16 23:47:48'),
(121, '143', '1', '208', '', '', '', '', '', '', '', '', '', '', '', '', '', '', '', '', '', '', '2020-12-16 23:47:48'),
(122, '145', '1', '210', '', '', '', '', '', '', '', '', '', '', '', '', '', '', '', '', '', '', '2020-12-16 23:47:48'),
(123, '146', '1', '211', '', '', '', '', '', '', '', '', '', '', '', '', '', '', '', '', '', '', '2020-12-16 23:47:48'),
(124, '144', '1', '209', '', '', '', '', '', '', '', '', '', '', '', '', '', '', '', '', '', '', '2020-12-16 23:47:48'),
(125, '147', '1', '212', '', '', '', '', '', '', '', '', '', '', '', '', '', '', '', '', '', '', '2020-12-16 23:47:48'),
(126, '148', '1', '216', '', '', '', '', '', '', '', '', '', '', '', '', '', '', '', '', '', '', '2020-12-16 23:47:48'),
(127, '149', '1', '217', '', '', '', '', '', '', '', '', '', '', '', '', '', '', '', '', '', '', '2020-12-16 23:47:48'),
(128, '150', '1', '218', '', '', '', '', '', '', '', '', '', '', '', '', '', '', '', '', '', '', '2020-12-16 23:47:48'),
(129, '4', '1', '221', '', '', '', '', '', '', '', '', '', '', '', '', '', '', '', '', '', '', '2020-12-16 23:47:48'),
(130, '151', '1', '224', '', '', '', '', '', '', '', '', '', '', '', '', '', '', '', '', '', '', '2020-12-16 23:47:48'),
(131, '152', '1', '226', '', '', '', '', '', '', '', '', '', '', '', '', '', '', '', '', '', '', '2020-12-16 23:47:48'),
(132, '141', '1', '225', '', '', '', '', '', '', '', '', '', '', '', '', '', '', '', '', '', '', '2020-12-16 23:47:48'),
(133, '153', '1', '233', '', '', '', '', '', '', '', '', '', '', '', '', '', '', '', '', '', '', '2020-12-16 23:47:48'),
(134, '154', '1', '235', '', '', '', '', '', '', '', '', '', '', '', '', '', '', '', '', '', '', '2020-12-16 23:47:48'),
(135, '156', '1', '237', '', '', '', '', '', '', '', '', '', '', '', '', '', '', '', '', '', '', '2020-12-16 23:47:48'),
(136, '60', '1', '239', '', '', '', '', '', '', '', '', '', '', '', '', '', '', '', '', '', '', '2020-12-16 23:47:48'),
(137, '158', '1', '240', '', '', '', '', '', '', '', '', '', '', '', '', '', '', '', '', '', '', '2020-12-16 23:47:48'),
(138, '159', '1', '243', '', '', '', '', '', '', '', '', '', '', '', '', '', '', '', '', '', '', '2020-12-16 23:47:48'),
(139, '7', '1', '249', '', '', '', '', '', '', '', '', '', '', '', '', '', '', '', '', '', '', '2020-12-16 23:47:49');

-- --------------------------------------------------------

--
-- Structure de la table `users`
--

CREATE TABLE IF NOT EXISTS `users` (
`users_id` int(11) NOT NULL,
  `users_nom_complet` varchar(400) NOT NULL,
  `users_nom_complet_1` varchar(10000) NOT NULL,
  `result_users_nom_0` varchar(400) NOT NULL,
  `result_users_nom_1` varchar(150) NOT NULL,
  `result_users_nom_2` varchar(150) NOT NULL,
  `users_sex` varchar(1) NOT NULL,
  `users_naissance` int(255) NOT NULL,
  `users_naissance2` varchar(500) NOT NULL,
  `users_nationality` varchar(400) NOT NULL,
  `users_link_page` varchar(10000) NOT NULL,
  `users_add_date` datetime NOT NULL DEFAULT CURRENT_TIMESTAMP
) ENGINE=MyISAM  DEFAULT CHARSET=latin1 AUTO_INCREMENT=250 ;

--
-- Contenu de la table `users`
--

INSERT INTO `users` (`users_id`, `users_nom_complet`, `users_nom_complet_1`, `result_users_nom_0`, `result_users_nom_1`, `result_users_nom_2`, `users_sex`, `users_naissance`, `users_naissance2`, `users_nationality`, `users_link_page`, `users_add_date`) VALUES
(1, 'BAUER Anais ', 'BAUER Anais (LUX)', 'BAUER', 'Anais', '', 'F', 93, '1993', 'LUX', '', '2020-12-16 23:47:45'),
(2, 'ROSSI Sandrine ', 'ROSSI Sandrine (LUX)', 'ROSSI', 'Sandrine', '', 'F', 95, '1995', 'LUX', '', '2020-12-16 23:47:45'),
(3, 'LOKULI Vanessa ', 'LOKULI Vanessa', 'LOKULI', 'Vanessa', '', 'F', 6, '2006', 'FR', '', '2020-12-16 23:47:45'),
(4, 'LUSSI Joyce ', 'LUSSI Joyce (SUI)', 'LUSSI', 'Joyce', '', 'F', 2, '2002', 'SUI', '', '2020-12-16 23:47:45'),
(5, 'NGUESSAN Phyllis ', 'NGUESSAN Phyllis', 'NGUESSAN', 'Phyllis', '', 'F', 1, '2001', 'FR', '', '2020-12-16 23:47:45'),
(6, 'FRANSOT Camille ', 'FRANSOT Camille', 'FRANSOT', 'Camille', '', 'F', 5, '2005', 'FR', '', '2020-12-16 23:47:45'),
(7, 'BILLAT Orlane-Deheme ', 'BILLAT Orlane-Deheme', 'BILLAT', 'Orlane-Deheme', '', 'F', 5, '2005', 'FR', '', '2020-12-16 23:47:45'),
(8, 'FOFANA Aminata ', 'FOFANA Aminata', 'FOFANA', 'Aminata', '', 'F', 5, '2005', 'FR', '', '2020-12-16 23:47:45'),
(9, 'LINISE Elea ', 'LINISE Elea', 'LINISE', 'Elea', '', 'F', 5, '2005', 'FR', '', '2020-12-16 23:47:45'),
(10, 'MBALLA AFANA Helene', 'MBALLA AFANA Helene', 'MBALLA', 'AFANA', 'Helene', 'F', 99, '1999', 'FR', '', '2020-12-16 23:47:45'),
(11, 'GABON Alexandra ', 'GABON Alexandra', 'GABON', 'Alexandra', '', 'F', 5, '2005', 'FR', '', '2020-12-16 23:47:45'),
(12, 'GNAGNI Stella ', 'GNAGNI Stella', 'GNAGNI', 'Stella', '', 'F', 5, '2005', 'FR', '', '2020-12-16 23:47:45'),
(13, 'THEVENIN Nina ', 'THEVENIN Nina', 'THEVENIN', 'Nina', '', 'F', 5, '2005', 'FR', '', '2020-12-16 23:47:45'),
(14, 'CLERET Morgane ', 'CLERET Morgane', 'CLERET', 'Morgane', '', 'F', 5, '2005', 'FR', '', '2020-12-16 23:47:45'),
(15, 'SAINT ALME Maelle', 'SAINT ALME Maelle', 'SAINT', 'ALME', 'Maelle', 'F', 5, '2005', 'FR', '', '2020-12-16 23:47:45'),
(16, 'GAMBY Victoire ', 'GAMBY Victoire', 'GAMBY', 'Victoire', '', 'F', 5, '2005', 'FR', '', '2020-12-16 23:47:45'),
(17, 'CHAUDY Victoire ', 'CHAUDY Victoire', 'CHAUDY', 'Victoire', '', 'F', 4, '2004', 'FR', '', '2020-12-16 23:47:45'),
(18, 'CLOTAIRE Louise ', 'CLOTAIRE Louise', 'CLOTAIRE', 'Louise', '', 'F', 5, '2005', 'FR', '', '2020-12-16 23:47:45'),
(19, 'PRONZOLA Eva ', 'PRONZOLA Eva', 'PRONZOLA', 'Eva', '', 'F', 5, '2005', 'FR', '', '2020-12-16 23:47:45'),
(20, 'NADOU Liya ', 'NADOU Liya', 'NADOU', 'Liya', '', 'F', 4, '2004', 'FR', '', '2020-12-16 23:47:45'),
(21, 'GAIFFE Agathe ', 'GAIFFE Agathe', 'GAIFFE', 'Agathe', '', 'F', 2, '2002', 'FR', '', '2020-12-16 23:47:45'),
(22, 'MEUNIER Narissara Morwo', 'MEUNIER Narissara Morwo', 'MEUNIER', 'Narissara', 'Morwo', 'F', 6, '2006', 'FR', '', '2020-12-16 23:47:45'),
(23, 'RAKOTOMANGA Imane ', 'RAKOTOMANGA Imane', 'RAKOTOMANGA', 'Imane', '', 'F', 6, '2006', 'FR', '', '2020-12-16 23:47:45'),
(24, 'CHOTARD Sian ', 'CHOTARD Sian', 'CHOTARD', 'Sian', '', 'F', 5, '2005', 'FR', '', '2020-12-16 23:47:45'),
(25, 'CALLIGNY Kezia ', 'CALLIGNY Kezia', 'CALLIGNY', 'Kezia', '', 'F', 5, '2005', 'FR', '', '2020-12-16 23:47:45'),
(26, 'DOUAY Lea ', 'DOUAY Lea', 'DOUAY', 'Lea', '', 'F', 6, '2006', 'FR', '', '2020-12-16 23:47:45'),
(27, 'MARTIN Charlyne ', 'MARTIN Charlyne', 'MARTIN', 'Charlyne', '', 'F', 5, '2005', 'FR', '', '2020-12-16 23:47:45'),
(28, 'PATHINVO Ange-Marie ', 'PATHINVO Ange-Marie', 'PATHINVO', 'Ange-Marie', '', 'F', 6, '2006', 'FR', '', '2020-12-16 23:47:45'),
(29, 'DELAHAYE Justine ', 'DELAHAYE Justine', 'DELAHAYE', 'Justine', '', 'F', 5, '2005', 'FR', '', '2020-12-16 23:47:45'),
(30, 'DROIN Charlotte ', 'DROIN Charlotte', 'DROIN', 'Charlotte', '', 'F', 3, '2003', 'FR', '', '2020-12-16 23:47:45'),
(31, 'ROMEO Faustine ', 'ROMEO Faustine', 'ROMEO', 'Faustine', '', 'F', 6, '2006', 'FR', '', '2020-12-16 23:47:46'),
(32, 'BAUGUIL Maily ', 'BAUGUIL Maily', 'BAUGUIL', 'Maily', '', 'F', 5, '2005', 'FR', '', '2020-12-16 23:47:46'),
(33, 'GERVAIS Celine ', 'GERVAIS Celine', 'GERVAIS', 'Celine', '', 'F', 5, '2005', 'FR', '', '2020-12-16 23:47:46'),
(34, 'NDOUNDOU Silvena ', 'NDOUNDOU Silvena', 'NDOUNDOU', 'Silvena', '', 'F', 5, '2005', 'FR', '', '2020-12-16 23:47:46'),
(35, 'FOUYER Celia ', 'FOUYER Celia', 'FOUYER', 'Celia', '', 'F', 5, '2005', 'FR', '', '2020-12-16 23:47:46'),
(36, 'BEOT Laureline ', 'BEOT Laureline', 'BEOT', 'Laureline', '', 'F', 5, '2005', 'FR', '', '2020-12-16 23:47:46'),
(37, 'BOYER Faustine ', 'BOYER Faustine', 'BOYER', 'Faustine', '', 'F', 5, '2005', 'FR', '', '2020-12-16 23:47:46'),
(38, 'LUTHAR Zoe ', 'LUTHAR Zoe', 'LUTHAR', 'Zoe', '', 'F', 5, '2005', 'FR', '', '2020-12-16 23:47:46'),
(39, 'DUCHMANN Emma ', 'DUCHMANN Emma', 'DUCHMANN', 'Emma', '', 'F', 5, '2005', 'FR', '', '2020-12-16 23:47:46'),
(40, 'RICHET Illona ', 'RICHET Illona', 'RICHET', 'Illona', '', 'F', 6, '2006', 'FR', '', '2020-12-16 23:47:46'),
(41, 'PERREAUT Axelle ', 'PERREAUT Axelle', 'PERREAUT', 'Axelle', '', 'F', 5, '2005', 'FR', '', '2020-12-16 23:47:46'),
(42, 'CORDEVANT Pauline ', 'CORDEVANT Pauline', 'CORDEVANT', 'Pauline', '', 'F', 5, '2005', 'FR', '', '2020-12-16 23:47:46'),
(43, 'VIGOUR Andrea ', 'VIGOUR Andrea', 'VIGOUR', 'Andrea', '', 'F', 6, '2006', 'FR', '', '2020-12-16 23:47:46'),
(44, 'TAPY Sandra ', 'TAPY Sandra', 'TAPY', 'Sandra', '', 'F', 5, '2005', 'FR', '', '2020-12-16 23:47:46'),
(45, 'LAURENCE Noemie ', 'LAURENCE Noemie', 'LAURENCE', 'Noemie', '', 'F', 5, '2005', 'FR', '', '2020-12-16 23:47:46'),
(46, 'SALLET Juliette ', 'SALLET Juliette', 'SALLET', 'Juliette', '', 'F', 5, '2005', 'FR', '', '2020-12-16 23:47:46'),
(47, 'PETILAIRE Kanel ', 'PETILAIRE Kanel', 'PETILAIRE', 'Kanel', '', 'F', 5, '2005', 'FR', '', '2020-12-16 23:47:46'),
(48, 'SOULAS Romy ', 'SOULAS Romy', 'SOULAS', 'Romy', '', 'F', 4, '2004', 'FR', '', '2020-12-16 23:47:46'),
(49, 'KANON Sarah ', 'KANON Sarah', 'KANON', 'Sarah', '', 'F', 5, '2005', 'FR', '', '2020-12-16 23:47:46'),
(50, 'BACHET Lou ', 'BACHET Lou', 'BACHET', 'Lou', '', 'F', 5, '2005', 'FR', '', '2020-12-16 23:47:46'),
(51, 'SIRAUDIN Chloe ', 'SIRAUDIN Chloe', 'SIRAUDIN', 'Chloe', '', 'F', 5, '2005', 'FR', '', '2020-12-16 23:47:46'),
(52, 'ETNA Anaelle ', 'ETNA Anaelle', 'ETNA', 'Anaelle', '', 'F', 5, '2005', 'FR', '', '2020-12-16 23:47:46'),
(53, 'WESTFALEWSKI MISSAYE Laure', 'WESTFALEWSKI MISSAYE Laure', 'WESTFALEWSKI', 'MISSAYE', 'Laure', 'F', 6, '2006', 'FR', '', '2020-12-16 23:47:46'),
(54, 'JOSEPH Liana ', 'JOSEPH Liana', 'JOSEPH', 'Liana', '', 'F', 0, '20', 'FR', '', '2020-12-16 23:47:46'),
(55, 'NDUDI Elizabeth ', 'NDUDI Elizabeth', 'NDUDI', 'Elizabeth', '', 'F', 5, '2005', 'FR', '', '2020-12-16 23:47:46'),
(56, 'MANIEZ Oceane ', 'MANIEZ Oceane', 'MANIEZ', 'Oceane', '', 'F', 6, '2006', 'FR', '', '2020-12-16 23:47:46'),
(57, 'EMMERY Emily ', 'EMMERY Emily', 'EMMERY', 'Emily', '', 'F', 6, '2006', 'FR', '', '2020-12-16 23:47:46'),
(58, 'FOUERE Marine ', 'FOUERE Marine', 'FOUERE', 'Marine', '', 'F', 6, '2006', 'FR', '', '2020-12-16 23:47:46'),
(59, 'VIAUD-PORTERAT Flavie ', 'VIAUD-PORTERAT Flavie', 'VIAUD-PORTERAT', 'Flavie', '', 'F', 6, '2006', 'FR', '', '2020-12-16 23:47:46'),
(60, 'CHOMBART Alice ', 'CHOMBART Alice', 'CHOMBART', 'Alice', '', 'F', 5, '2005', 'FR', '', '2020-12-16 23:47:46'),
(61, 'PANTANO Flora ', 'PANTANO Flora', 'PANTANO', 'Flora', '', 'F', 6, '2006', 'FR', '', '2020-12-16 23:47:46'),
(62, 'BOHU Gabriele ', 'BOHU Gabriele', 'BOHU', 'Gabriele', '', 'F', 5, '2005', 'FR', '', '2020-12-16 23:47:46'),
(63, 'GHEORGHIEV Romane ', 'GHEORGHIEV Romane', 'GHEORGHIEV', 'Romane', '', 'F', 6, '2006', 'FR', '', '2020-12-16 23:47:46'),
(64, 'DEFFIN Suzie ', 'DEFFIN Suzie', 'DEFFIN', 'Suzie', '', 'F', 6, '2006', 'FR', '', '2020-12-16 23:47:46'),
(65, 'PERSON Marie-Lena ', 'PERSON Marie-Lena', 'PERSON', 'Marie-Lena', '', 'F', 5, '2005', 'FR', '', '2020-12-16 23:47:46'),
(66, 'SYLLA Massandje ', 'SYLLA Massandje', 'SYLLA', 'Massandje', '', 'F', 0, '20', 'FR', '', '2020-12-16 23:47:46'),
(67, 'KITANTOU Armony ', 'KITANTOU Armony', 'KITANTOU', 'Armony', '', 'F', 5, '2005', 'FR', '', '2020-12-16 23:47:46'),
(68, 'ROZAS Johanna ', 'ROZAS Johanna', 'ROZAS', 'Johanna', '', 'F', 6, '2006', 'FR', '', '2020-12-16 23:47:46'),
(69, 'ESCHMANN Camille ', 'ESCHMANN Camille', 'ESCHMANN', 'Camille', '', 'F', 6, '2006', 'FR', '', '2020-12-16 23:47:46'),
(70, 'GUIONNET Suzie ', 'GUIONNET Suzie', 'GUIONNET', 'Suzie', '', 'F', 5, '2005', 'FR', '', '2020-12-16 23:47:46'),
(71, 'MEKKI Jenna ', 'MEKKI Jenna', 'MEKKI', 'Jenna', '', 'F', 5, '2005', 'FR', '', '2020-12-16 23:47:46'),
(72, 'RHINAN Larissa ', 'RHINAN Larissa', 'RHINAN', 'Larissa', '', 'F', 6, '2006', 'FR', '', '2020-12-16 23:47:46'),
(73, 'PELE Cleo ', 'PELE Cleo', 'PELE', 'Cleo', '', 'F', 6, '2006', 'FR', '', '2020-12-16 23:47:46'),
(74, 'DU SOUICH Clemence', 'DU SOUICH Clemence', 'DU', 'SOUICH', 'Clemence', 'F', 6, '2006', 'FR', '', '2020-12-16 23:47:46'),
(75, 'FEVRE Eva ', 'FEVRE Eva', 'FEVRE', 'Eva', '', 'F', 2, '2002', 'FR', '', '2020-12-16 23:47:46'),
(76, 'CHAMBON Margot ', 'CHAMBON Margot', 'CHAMBON', 'Margot', '', 'F', 5, '2005', 'FR', '', '2020-12-16 23:47:46'),
(77, 'LACIDES-FLADIN Elsie ', 'LACIDES-FLADIN Elsie', 'LACIDES-FLADIN', 'Elsie', '', 'F', 5, '2005', 'FR', '', '2020-12-16 23:47:46'),
(78, 'SEGUIN Lilou ', 'SEGUIN Lilou', 'SEGUIN', 'Lilou', '', 'F', 5, '2005', 'FR', '', '2020-12-16 23:47:46'),
(79, 'BOUALI Aini-Lina ', 'BOUALI Aini-Lina', 'BOUALI', 'Aini-Lina', '', 'F', 5, '2005', 'FR', '', '2020-12-16 23:47:46'),
(80, 'HOLT Anna ', 'HOLT Anna', 'HOLT', 'Anna', '', 'F', 5, '2005', 'FR', '', '2020-12-16 23:47:46'),
(81, 'SUNGU Loona ', 'SUNGU Loona', 'SUNGU', 'Loona', '', 'F', 5, '2005', 'FR', '', '2020-12-16 23:47:46'),
(82, 'BOURJON Charlotte ', 'BOURJON Charlotte', 'BOURJON', 'Charlotte', '', 'F', 5, '2005', 'FR', '', '2020-12-16 23:47:46'),
(83, 'DURIMEL Oceane ', 'DURIMEL Oceane', 'DURIMEL', 'Oceane', '', 'F', 95, '1995', 'FR', '', '2020-12-16 23:47:46'),
(84, 'TONDJI WATO Serena', 'TONDJI WATO Serena', 'TONDJI', 'WATO', 'Serena', 'F', 6, '2006', 'FR', '', '2020-12-16 23:47:46'),
(85, 'GOMBAUD Lea ', 'GOMBAUD Lea', 'GOMBAUD', 'Lea', '', 'F', 4, '2004', 'FR', '', '2020-12-16 23:47:46'),
(86, 'PELLISSARD Clara ', 'PELLISSARD Clara', 'PELLISSARD', 'Clara', '', 'F', 2, '2002', 'FR', '', '2020-12-16 23:47:46'),
(87, 'COUPARD-COUTARD Eglantine ', 'COUPARD-COUTARD Eglantine', 'COUPARD-COUTARD', 'Eglantine', '', 'F', 5, '2005', 'FR', '', '2020-12-16 23:47:46'),
(88, 'XAVIER Leticia ', 'XAVIER Leticia (POR)', 'XAVIER', 'Leticia', '', 'F', 6, '2006', 'POR', '', '2020-12-16 23:47:46'),
(89, 'DIABIRA Iman ', 'DIABIRA Iman', 'DIABIRA', 'Iman', '', 'F', 6, '2006', 'FR', '', '2020-12-16 23:47:46'),
(90, 'LECLERC Juliette ', 'LECLERC Juliette', 'LECLERC', 'Juliette', '', 'F', 5, '2005', 'FR', '', '2020-12-16 23:47:46'),
(91, 'VANHONACKER Lou ', 'VANHONACKER Lou', 'VANHONACKER', 'Lou', '', 'F', 5, '2005', 'FR', '', '2020-12-16 23:47:46'),
(92, 'PUEL Elise ', 'PUEL Elise', 'PUEL', 'Elise', '', 'F', 5, '2005', 'FR', '', '2020-12-16 23:47:46'),
(93, 'ZAKI Johayna ', 'ZAKI Johayna', 'ZAKI', 'Johayna', '', 'F', 6, '2006', 'FR', '', '2020-12-16 23:47:46'),
(94, 'VERRIEZ Naomi ', 'VERRIEZ Naomi', 'VERRIEZ', 'Naomi', '', 'F', 5, '2005', 'FR', '', '2020-12-16 23:47:46'),
(95, 'GHALLOUSSI Rania ', 'GHALLOUSSI Rania', 'GHALLOUSSI', 'Rania', '', 'F', 5, '2005', 'FR', '', '2020-12-16 23:47:46'),
(96, 'VUADI Melca ', 'VUADI Melca', 'VUADI', 'Melca', '', 'F', 6, '2006', 'FR', '', '2020-12-16 23:47:46'),
(97, 'GAOUYER Lisa ', 'GAOUYER Lisa', 'GAOUYER', 'Lisa', '', 'F', 5, '2005', 'FR', '', '2020-12-16 23:47:46'),
(98, 'SZWED Ilea ', 'SZWED Ilea', 'SZWED', 'Ilea', '', 'F', 5, '2005', 'FR', '', '2020-12-16 23:47:46'),
(99, 'THOUMIEUX Louise ', 'THOUMIEUX Louise', 'THOUMIEUX', 'Louise', '', 'F', 5, '2005', 'FR', '', '2020-12-16 23:47:46'),
(100, 'CARRIERE Loueve ', 'CARRIERE Loueve', 'CARRIERE', 'Loueve', '', 'F', 5, '2005', 'FR', '', '2020-12-16 23:47:46'),
(101, 'MICHEL DIT PERROT', 'MICHEL DIT PERROT Roxanne', 'MICHEL', 'DIT', 'PERROT', 'F', 6, '2006', 'FR', '', '2020-12-16 23:47:46'),
(102, 'FRITSCH Lila ', 'FRITSCH Lila', 'FRITSCH', 'Lila', '', 'F', 5, '2005', 'FR', '', '2020-12-16 23:47:46'),
(103, 'LIBELLE-LINGASA Suzanne ', 'LIBELLE-LINGASA Suzanne', 'LIBELLE-LINGASA', 'Suzanne', '', 'F', 5, '2005', 'FR', '', '2020-12-16 23:47:46'),
(104, 'CHEVALLIER Gwendoline ', 'CHEVALLIER Gwendoline', 'CHEVALLIER', 'Gwendoline', '', 'F', 5, '2005', 'FR', '', '2020-12-16 23:47:46'),
(105, 'YANDZA YAD Sarah', 'YANDZA YAD Sarah', 'YANDZA', 'YAD', 'Sarah', 'F', 4, '2004', 'FR', '', '2020-12-16 23:47:46'),
(106, 'GUILLOU Salome ', 'GUILLOU Salome', 'GUILLOU', 'Salome', '', 'F', 5, '2005', 'FR', '', '2020-12-16 23:47:46'),
(107, 'MONTFERRAN Lucie ', 'MONTFERRAN Lucie', 'MONTFERRAN', 'Lucie', '', 'F', 5, '2005', 'FR', '', '2020-12-16 23:47:46'),
(108, 'MORVAN-RIVA Justine ', 'MORVAN-RIVA Justine', 'MORVAN-RIVA', 'Justine', '', 'F', 5, '2005', 'FR', '', '2020-12-16 23:47:46'),
(109, 'BACCOUCHE Lina ', 'BACCOUCHE Lina', 'BACCOUCHE', 'Lina', '', 'F', 5, '2005', 'FR', '', '2020-12-16 23:47:47'),
(110, 'BENNANI Charlotte ', 'BENNANI Charlotte', 'BENNANI', 'Charlotte', '', 'F', 5, '2005', 'FR', '', '2020-12-16 23:47:47'),
(111, 'BARBERON GARCIA Joanna', 'BARBERON GARCIA Joanna', 'BARBERON', 'GARCIA', 'Joanna', 'F', 5, '2005', 'FR', '', '2020-12-16 23:47:47'),
(112, 'CARVAL Lilou ', 'CARVAL Lilou', 'CARVAL', 'Lilou', '', 'F', 5, '2005', 'FR', '', '2020-12-16 23:47:47'),
(113, 'ROCHAIS Lola ', 'ROCHAIS Lola', 'ROCHAIS', 'Lola', '', 'F', 6, '2006', 'FR', '', '2020-12-16 23:47:47'),
(114, 'ZOMENIO Lea ', 'ZOMENIO Lea', 'ZOMENIO', 'Lea', '', 'F', 5, '2005', 'FR', '', '2020-12-16 23:47:47'),
(115, 'DUBE Charlotte ', 'DUBE Charlotte', 'DUBE', 'Charlotte', '', 'F', 2, '2002', 'FR', '', '2020-12-16 23:47:47'),
(116, 'GOUJON Nina ', 'GOUJON Nina', 'GOUJON', 'Nina', '', 'F', 5, '2005', 'FR', '', '2020-12-16 23:47:47'),
(117, 'REZKI Jade ', 'REZKI Jade', 'REZKI', 'Jade', '', 'F', 4, '2004', 'FR', '', '2020-12-16 23:47:47'),
(118, 'ANGLIONIN Maelys ', 'ANGLIONIN Maelys', 'ANGLIONIN', 'Maelys', '', 'F', 6, '2006', 'FR', '', '2020-12-16 23:47:47'),
(119, 'POMMIER Jalene ', 'POMMIER Jalene', 'POMMIER', 'Jalene', '', 'F', 6, '2006', 'FR', '', '2020-12-16 23:47:47'),
(120, 'GUINGUENO Romy ', 'GUINGUENO Romy', 'GUINGUENO', 'Romy', '', 'F', 6, '2006', 'FR', '', '2020-12-16 23:47:47'),
(121, 'SUPIOT Adele ', 'SUPIOT Adele', 'SUPIOT', 'Adele', '', 'F', 0, '20', 'FR', '', '2020-12-16 23:47:47'),
(122, 'MARY Thais ', 'MARY Thais', 'MARY', 'Thais', '', 'F', 0, '20', 'FR', '', '2020-12-16 23:47:47'),
(123, 'RIGAL Jade ', 'RIGAL Jade', 'RIGAL', 'Jade', '', 'F', 6, '2006', 'FR', '', '2020-12-16 23:47:47'),
(124, 'SIMONNET Emma ', 'SIMONNET Emma', 'SIMONNET', 'Emma', '', 'F', 5, '2005', 'FR', '', '2020-12-16 23:47:47'),
(125, 'HERISSON Eva ', 'HERISSON Eva', 'HERISSON', 'Eva', '', 'F', 5, '2005', 'FR', '', '2020-12-16 23:47:47'),
(126, 'WEBER Emilie ', 'WEBER Emilie', 'WEBER', 'Emilie', '', 'F', 6, '2006', 'FR', '', '2020-12-16 23:47:47'),
(127, 'GIRODS Clara ', 'GIRODS Clara', 'GIRODS', 'Clara', '', 'F', 4, '2004', 'FR', '', '2020-12-16 23:47:47'),
(128, 'BRIOT Camille ', 'BRIOT Camille', 'BRIOT', 'Camille', '', 'F', 5, '2005', 'FR', '', '2020-12-16 23:47:47'),
(129, 'LE MORILLON Yelie-Jasmine', 'LE MORILLON Yelie-Jasmine', 'LE', 'MORILLON', 'Yelie-Jasmine', 'F', 5, '2005', 'FR', '', '2020-12-16 23:47:47'),
(130, 'MORVAN Alixia ', 'MORVAN Alixia', 'MORVAN', 'Alixia', '', 'F', 6, '2006', 'FR', '', '2020-12-16 23:47:47'),
(131, 'BATHILDE Iman ', 'BATHILDE Iman', 'BATHILDE', 'Iman', '', 'F', 6, '2006', 'FR', '', '2020-12-16 23:47:47'),
(132, 'URION Laurine ', 'URION Laurine', 'URION', 'Laurine', '', 'F', 3, '2003', 'FR', '', '2020-12-16 23:47:47'),
(133, 'TOUMBOU CAMBO Kelia', 'TOUMBOU CAMBO Kelia', 'TOUMBOU', 'CAMBO', 'Kelia', 'F', 6, '2006', 'FR', '', '2020-12-16 23:47:47'),
(134, 'DESMARESCAUX Loise ', 'DESMARESCAUX Loise', 'DESMARESCAUX', 'Loise', '', 'F', 6, '2006', 'FR', '', '2020-12-16 23:47:47'),
(135, 'OMBREUX Mathilde ', 'OMBREUX Mathilde', 'OMBREUX', 'Mathilde', '', 'F', 5, '2005', 'FR', '', '2020-12-16 23:47:47'),
(136, 'BICHET Emma ', 'BICHET Emma', 'BICHET', 'Emma', '', 'F', 2, '2002', 'FR', '', '2020-12-16 23:47:47'),
(137, 'FREULON Camille ', 'FREULON Camille', 'FREULON', 'Camille', '', 'F', 5, '2005', 'FR', '', '2020-12-16 23:47:47'),
(138, 'LE BORGNE Oceane', 'LE BORGNE Oceane', 'LE', 'BORGNE', 'Oceane', 'F', 6, '2006', 'FR', '', '2020-12-16 23:47:47'),
(139, 'BONVENT Wendy ', 'BONVENT Wendy', 'BONVENT', 'Wendy', '', 'F', 5, '2005', 'FR', '', '2020-12-16 23:47:47'),
(140, 'KARST Agathe ', 'KARST Agathe', 'KARST', 'Agathe', '', 'F', 5, '2005', 'FR', '', '2020-12-16 23:47:47'),
(141, 'BOUSQUET Carla ', 'BOUSQUET Carla', 'BOUSQUET', 'Carla', '', 'F', 5, '2005', 'FR', '', '2020-12-16 23:47:47'),
(142, 'PIAULENNE Leona ', 'PIAULENNE Leona', 'PIAULENNE', 'Leona', '', 'F', 6, '2006', 'FR', '', '2020-12-16 23:47:47'),
(143, 'GOAOC Kristen ', 'GOAOC Kristen', 'GOAOC', 'Kristen', '', 'F', 5, '2005', 'FR', '', '2020-12-16 23:47:47'),
(144, 'JEAN-LOUIS Yona ', 'JEAN-LOUIS Yona', 'JEAN-LOUIS', 'Yona', '', 'F', 5, '2005', 'FR', '', '2020-12-16 23:47:47'),
(145, 'GOUNE TIBBOLO Maeva', 'GOUNE TIBBOLO Maeva', 'GOUNE', 'TIBBOLO', 'Maeva', 'F', 5, '2005', 'FR', '', '2020-12-16 23:47:47'),
(146, 'LIENARD Louison ', 'LIENARD Louison', 'LIENARD', 'Louison', '', 'F', 5, '2005', 'FR', '', '2020-12-16 23:47:47'),
(147, 'TISSOT Leane ', 'TISSOT Leane', 'TISSOT', 'Leane', '', 'F', 3, '2003', 'FR', '', '2020-12-16 23:47:47'),
(148, 'PUZIN Margot ', 'PUZIN Margot', 'PUZIN', 'Margot', '', 'F', 5, '2005', 'FR', '', '2020-12-16 23:47:47'),
(149, 'TUMBA Meta ', 'TUMBA Meta', 'TUMBA', 'Meta', '', 'F', 6, '2006', 'FR', '', '2020-12-16 23:47:47'),
(150, 'BOURZEIS Clemence ', 'BOURZEIS Clemence', 'BOURZEIS', 'Clemence', '', 'F', 5, '2005', 'FR', '', '2020-12-16 23:47:47'),
(151, 'BROSSEAU Garance ', 'BROSSEAU Garance', 'BROSSEAU', 'Garance', '', 'F', 5, '2005', 'FR', '', '2020-12-16 23:47:47'),
(152, 'GUYADER Solen ', 'GUYADER Solen', 'GUYADER', 'Solen', '', 'F', 5, '2005', 'FR', '', '2020-12-16 23:47:47'),
(153, 'LUCIANI Elisa-Rose ', 'LUCIANI Elisa-Rose', 'LUCIANI', 'Elisa-Rose', '', 'F', 6, '2006', 'FR', '', '2020-12-16 23:47:47'),
(154, 'GIUDICELLI Cassandra ', 'GIUDICELLI Cassandra', 'GIUDICELLI', 'Cassandra', '', 'F', 6, '2006', 'FR', '', '2020-12-16 23:47:47'),
(155, 'CHABAUD Lena ', 'CHABAUD Lena', 'CHABAUD', 'Lena', '', 'F', 5, '2005', 'FR', '', '2020-12-16 23:47:47'),
(156, 'PIMON Maylis ', 'PIMON Maylis', 'PIMON', 'Maylis', '', 'F', 6, '2006', 'FR', '', '2020-12-16 23:47:47'),
(157, 'VERDURO Laura ', 'VERDURO Laura', 'VERDURO', 'Laura', '', 'F', 6, '2006', 'FR', '', '2020-12-16 23:47:47'),
(158, 'PERRIN Eva ', 'PERRIN Eva', 'PERRIN', 'Eva', '', 'F', 6, '2006', 'FR', '', '2020-12-16 23:47:47'),
(159, 'LAMY Jade ', 'LAMY Jade', 'LAMY', 'Jade', '', 'F', 5, '2005', 'FR', '', '2020-12-16 23:47:47'),
(160, 'CHARLES-GODARD Maelle ', 'CHARLES-GODARD Maelle', 'CHARLES-GODARD', 'Maelle', '', 'F', 6, '2006', 'FR', '', '2020-12-16 23:47:47'),
(161, 'CARPENTIER Flavie ', 'CARPENTIER Flavie', 'CARPENTIER', 'Flavie', '', 'F', 5, '2005', 'FR', '', '2020-12-16 23:47:47'),
(162, 'DAHM Julia ', 'DAHM Julia', 'DAHM', 'Julia', '', 'F', 5, '2005', 'FR', '', '2020-12-16 23:47:47'),
(163, 'ROSE Vera-Lyse ', 'ROSE Vera-Lyse', 'ROSE', 'Vera-Lyse', '', 'F', 5, '2005', 'FR', '', '2020-12-16 23:47:47'),
(164, 'BOURGON Sarah ', 'BOURGON Sarah', 'BOURGON', 'Sarah', '', 'F', 6, '2006', 'FR', '', '2020-12-16 23:47:47'),
(165, 'DEGROOTE-FLAMANT Lisa ', 'DEGROOTE-FLAMANT Lisa', 'DEGROOTE-FLAMANT', 'Lisa', '', 'F', 5, '2005', 'FR', '', '2020-12-16 23:47:47'),
(166, 'HEDDAD Siham ', 'HEDDAD Siham', 'HEDDAD', 'Siham', '', 'F', 6, '2006', 'FR', '', '2020-12-16 23:47:47'),
(167, 'BOSLE Marion ', 'BOSLE Marion', 'BOSLE', 'Marion', '', 'F', 5, '2005', 'FR', '', '2020-12-16 23:47:47'),
(168, 'HERBAUX Charlotte ', 'HERBAUX Charlotte', 'HERBAUX', 'Charlotte', '', 'F', 5, '2005', 'FR', '', '2020-12-16 23:47:47'),
(169, 'PECOUT Fany ', 'PECOUT Fany', 'PECOUT', 'Fany', '', 'F', 6, '2006', 'FR', '', '2020-12-16 23:47:47'),
(170, 'BENFATAH Melissa ', 'BENFATAH Melissa', 'BENFATAH', 'Melissa', '', 'F', 6, '2006', 'FR', '', '2020-12-16 23:47:47'),
(171, 'UGWUNEBO Nnenna ', 'UGWUNEBO Nnenna', 'UGWUNEBO', 'Nnenna', '', 'F', 6, '2006', 'FR', '', '2020-12-16 23:47:47'),
(172, 'DE WARREN Leomee', 'DE WARREN Leomee', 'DE', 'WARREN', 'Leomee', 'F', 5, '2005', 'FR', '', '2020-12-16 23:47:47'),
(173, 'MARRONY Romane ', 'MARRONY Romane', 'MARRONY', 'Romane', '', 'F', 5, '2005', 'FR', '', '2020-12-16 23:47:47'),
(174, 'COLOMB Solane ', 'COLOMB Solane', 'COLOMB', 'Solane', '', 'F', 6, '2006', 'FR', '', '2020-12-16 23:47:47'),
(175, 'TRONCHON Agathe ', 'TRONCHON Agathe', 'TRONCHON', 'Agathe', '', 'F', 6, '2006', 'FR', '', '2020-12-16 23:47:48'),
(176, 'SAMITIER Romane ', 'SAMITIER Romane', 'SAMITIER', 'Romane', '', 'F', 6, '2006', 'FR', '', '2020-12-16 23:47:48'),
(177, 'GAUTHIERO Elona ', 'GAUTHIERO Elona', 'GAUTHIERO', 'Elona', '', 'F', 5, '2005', 'FR', '', '2020-12-16 23:47:48'),
(178, 'MAREL-CABRISSEAU Maella ', 'MAREL-CABRISSEAU Maella', 'MAREL-CABRISSEAU', 'Maella', '', 'F', 6, '2006', 'FR', '', '2020-12-16 23:47:48'),
(179, 'BERTOLOTTI Loula ', 'BERTOLOTTI Loula', 'BERTOLOTTI', 'Loula', '', 'F', 3, '2003', 'FR', '', '2020-12-16 23:47:48'),
(180, 'DEMEZ Enora ', 'DEMEZ Enora', 'DEMEZ', 'Enora', '', 'F', 0, '20', 'FR', '', '2020-12-16 23:47:48'),
(181, 'MENDY Noemie ', 'MENDY Noemie', 'MENDY', 'Noemie', '', 'F', 5, '2005', 'FR', '', '2020-12-16 23:47:48'),
(182, 'PELUZE Cassandra ', 'PELUZE Cassandra', 'PELUZE', 'Cassandra', '', 'F', 6, '2006', 'FR', '', '2020-12-16 23:47:48'),
(183, 'DE SCHRYDER TEJA', 'DE SCHRYDER TEJA Lola', 'DE', 'SCHRYDER', 'TEJA', 'F', 5, '2005', 'FR', '', '2020-12-16 23:47:48'),
(184, 'RIOU Solene ', 'RIOU Solene', 'RIOU', 'Solene', '', 'F', 6, '2006', 'FR', '', '2020-12-16 23:47:48'),
(185, 'TABOUREL Aurore ', 'TABOUREL Aurore', 'TABOUREL', 'Aurore', '', 'F', 5, '2005', 'FR', '', '2020-12-16 23:47:48'),
(186, 'CAPON Agathe ', 'CAPON Agathe', 'CAPON', 'Agathe', '', 'F', 5, '2005', 'FR', '', '2020-12-16 23:47:48'),
(187, 'DELESTREZ Chloe ', 'DELESTREZ Chloe', 'DELESTREZ', 'Chloe', '', 'F', 5, '2005', 'FR', '', '2020-12-16 23:47:48'),
(188, 'SPISER Chloe ', 'SPISER Chloe', 'SPISER', 'Chloe', '', 'F', 6, '2006', 'FR', '', '2020-12-16 23:47:48'),
(189, 'BOYAVAL Carmen ', 'BOYAVAL Carmen', 'BOYAVAL', 'Carmen', '', 'F', 6, '2006', 'FR', '', '2020-12-16 23:47:48'),
(190, 'MENNERON Lucie ', 'MENNERON Lucie', 'MENNERON', 'Lucie', '', 'F', 5, '2005', 'FR', '', '2020-12-16 23:47:48'),
(191, 'AGBOOLA Deborah ', 'AGBOOLA Deborah', 'AGBOOLA', 'Deborah', '', 'F', 5, '2005', 'FR', '', '2020-12-16 23:47:48'),
(192, 'GORDIEN Maelys ', 'GORDIEN Maelys', 'GORDIEN', 'Maelys', '', 'F', 5, '2005', 'FR', '', '2020-12-16 23:47:48'),
(193, 'DELY Emma ', 'DELY Emma', 'DELY', 'Emma', '', 'F', 5, '2005', 'FR', '', '2020-12-16 23:47:48'),
(194, 'ZONCA Eva ', 'ZONCA Eva', 'ZONCA', 'Eva', '', 'F', 5, '2005', 'FR', '', '2020-12-16 23:47:48'),
(195, 'DIABLE Alya ', 'DIABLE Alya', 'DIABLE', 'Alya', '', 'F', 6, '2006', 'FR', '', '2020-12-16 23:47:48'),
(196, 'VILDEUIL Emilie ', 'VILDEUIL Emilie', 'VILDEUIL', 'Emilie', '', 'F', 6, '2006', 'FR', '', '2020-12-16 23:47:48'),
(197, 'LENOTTE Lola ', 'LENOTTE Lola', 'LENOTTE', 'Lola', '', 'F', 5, '2005', 'FR', '', '2020-12-16 23:47:48'),
(198, 'BLAGOGEE Eyram ', 'BLAGOGEE Eyram', 'BLAGOGEE', 'Eyram', '', 'F', 5, '2005', 'FR', '', '2020-12-16 23:47:48'),
(199, 'LAJOYE Clea ', 'LAJOYE Clea', 'LAJOYE', 'Clea', '', 'F', 5, '2005', 'FR', '', '2020-12-16 23:47:48'),
(200, 'LACOSTE Thais ', 'LACOSTE Thais', 'LACOSTE', 'Thais', '', 'F', 5, '2005', 'FR', '', '2020-12-16 23:47:48'),
(201, 'MARTINEZ Lena ', 'MARTINEZ Lena', 'MARTINEZ', 'Lena', '', 'F', 5, '2005', 'FR', '', '2020-12-16 23:47:48'),
(202, 'LAKHAL Sarah ', 'LAKHAL Sarah', 'LAKHAL', 'Sarah', '', 'F', 5, '2005', 'FR', '', '2020-12-16 23:47:48'),
(203, 'CRESPON Prune ', 'CRESPON Prune', 'CRESPON', 'Prune', '', 'F', 5, '2005', 'FR', '', '2020-12-16 23:47:48'),
(204, 'FOSKOLOS Melissa ', 'FOSKOLOS Melissa', 'FOSKOLOS', 'Melissa', '', 'F', 6, '2006', 'FR', '', '2020-12-16 23:47:48'),
(205, 'NICOLAS Luna ', 'NICOLAS Luna', 'NICOLAS', 'Luna', '', 'F', 5, '2005', 'FR', '', '2020-12-16 23:47:48'),
(206, 'LE GUILLY Edline', 'LE GUILLY Edline', 'LE', 'GUILLY', 'Edline', 'F', 6, '2006', 'FR', '', '2020-12-16 23:47:48'),
(207, 'GUEYE Coumba ', 'GUEYE Coumba', 'GUEYE', 'Coumba', '', 'F', 5, '2005', 'FR', '', '2020-12-16 23:47:48'),
(208, 'LAMOUILLE Flavie ', 'LAMOUILLE Flavie', 'LAMOUILLE', 'Flavie', '', 'F', 3, '2003', 'FR', '', '2020-12-16 23:47:48'),
(209, 'WEST Isabelle ', 'WEST Isabelle (GBR)', 'WEST', 'Isabelle', '', 'F', 6, '2006', 'GBR', '', '2020-12-16 23:47:48'),
(210, 'HAMBLET Crystal ', 'HAMBLET Crystal', 'HAMBLET', 'Crystal', '', 'F', 5, '2005', 'FR', '', '2020-12-16 23:47:48'),
(211, 'VENGADESSAN Pavisha ', 'VENGADESSAN Pavisha', 'VENGADESSAN', 'Pavisha', '', 'F', 6, '2006', 'FR', '', '2020-12-16 23:47:48'),
(212, 'FRENZEL Clara ', 'FRENZEL Clara', 'FRENZEL', 'Clara', '', 'F', 6, '2006', 'FR', '', '2020-12-16 23:47:48'),
(213, 'COVAS Noa ', 'COVAS Noa', 'COVAS', 'Noa', '', 'F', 3, '2003', 'FR', '', '2020-12-16 23:47:48'),
(214, 'LEGROS Lea ', 'LEGROS Lea', 'LEGROS', 'Lea', '', 'F', 5, '2005', 'FR', '', '2020-12-16 23:47:48'),
(215, 'TOURE Fatoumata Sall', 'TOURE Fatoumata Sall', 'TOURE', 'Fatoumata', 'Sall', 'F', 6, '2006', 'FR', '', '2020-12-16 23:47:48'),
(216, 'HERVE Agate ', 'HERVE Agate', 'HERVE', 'Agate', '', 'F', 6, '2006', 'FR', '', '2020-12-16 23:47:48'),
(217, 'VUILLET Wendyam ', 'VUILLET Wendyam', 'VUILLET', 'Wendyam', '', 'F', 3, '2003', 'FR', '', '2020-12-16 23:47:48'),
(218, 'THIMONIER Nevaeh-Laurene ', 'THIMONIER Nevaeh-Laurene', 'THIMONIER', 'Nevaeh-Laurene', '', 'F', 6, '2006', 'FR', '', '2020-12-16 23:47:48'),
(219, 'DEBEZE Dina ', 'DEBEZE Dina', 'DEBEZE', 'Dina', '', 'F', 0, '20', 'FR', '', '2020-12-16 23:47:48'),
(220, 'GOBE Rosemarie ', 'GOBE Rosemarie', 'GOBE', 'Rosemarie', '', 'F', 2, '2002', 'FR', '', '2020-12-16 23:47:48'),
(221, 'MASQUELIER Lea ', 'MASQUELIER Lea', 'MASQUELIER', 'Lea', '', 'F', 5, '2005', 'FR', '', '2020-12-16 23:47:48'),
(222, 'OUATTARA Fanta ', 'OUATTARA Fanta', 'OUATTARA', 'Fanta', '', 'F', 5, '2005', 'FR', '', '2020-12-16 23:47:48'),
(223, 'PAIN Ines ', 'PAIN Ines', 'PAIN', 'Ines', '', 'F', 0, '20', 'FR', '', '2020-12-16 23:47:48'),
(224, 'MESSOMO-POLOMACK Talina ', 'MESSOMO-POLOMACK Talina', 'MESSOMO-POLOMACK', 'Talina', '', 'F', 6, '2006', 'FR', '', '2020-12-16 23:47:48'),
(225, 'LACLEF Lily-Rose ', 'LACLEF Lily-Rose', 'LACLEF', 'Lily-Rose', '', 'F', 6, '2006', 'FR', '', '2020-12-16 23:47:48'),
(226, 'NGAH Koa ', 'NGAH Koa', 'NGAH', 'Koa', '', 'F', 6, '2006', 'FR', '', '2020-12-16 23:47:48'),
(227, 'ROUSSEAU Lylou ', 'ROUSSEAU Lylou', 'ROUSSEAU', 'Lylou', '', 'F', 5, '2005', 'FR', '', '2020-12-16 23:47:48'),
(228, 'BABOU Kokhava ', 'BABOU Kokhava', 'BABOU', 'Kokhava', '', 'F', 6, '2006', 'FR', '', '2020-12-16 23:47:48'),
(229, 'CHEVET Emma ', 'CHEVET Emma', 'CHEVET', 'Emma', '', 'F', 5, '2005', 'FR', '', '2020-12-16 23:47:48'),
(230, 'CRAS Pamela ', 'CRAS Pamela', 'CRAS', 'Pamela', '', 'F', 0, '20', 'FR', '', '2020-12-16 23:47:48'),
(231, 'GNALI Eden-Sahoua ', 'GNALI Eden-Sahoua', 'GNALI', 'Eden-Sahoua', '', 'F', 5, '2005', 'FR', '', '2020-12-16 23:47:48'),
(232, 'KOFFI Miracle ', 'KOFFI Miracle', 'KOFFI', 'Miracle', '', 'F', 0, '20', 'FR', '', '2020-12-16 23:47:48'),
(233, 'BOBINET Louane ', 'BOBINET Louane', 'BOBINET', 'Louane', '', 'F', 6, '2006', 'FR', '', '2020-12-16 23:47:48'),
(234, 'VITRE Romane ', 'VITRE Romane', 'VITRE', 'Romane', '', 'F', 3, '2003', 'FR', '', '2020-12-16 23:47:48'),
(235, 'MANCEAU Camille ', 'MANCEAU Camille', 'MANCEAU', 'Camille', '', 'F', 6, '2006', 'FR', '', '2020-12-16 23:47:48'),
(236, 'CLEENEWERCK Cecile ', 'CLEENEWERCK Cecile', 'CLEENEWERCK', 'Cecile', '', 'F', 5, '2005', 'FR', '', '2020-12-16 23:47:48'),
(237, 'HUSSARD Lucie ', 'HUSSARD Lucie', 'HUSSARD', 'Lucie', '', 'F', 5, '2005', 'FR', '', '2020-12-16 23:47:48'),
(238, 'SOULIGNAC-BARE Avril ', 'SOULIGNAC-BARE Avril', 'SOULIGNAC-BARE', 'Avril', '', 'F', 6, '2006', 'FR', '', '2020-12-16 23:47:48'),
(239, 'NAUDIN Lisa ', 'NAUDIN Lisa', 'NAUDIN', 'Lisa', '', 'F', 5, '2005', 'FR', '', '2020-12-16 23:47:48'),
(240, 'COGGIO Julie ', 'COGGIO Julie', 'COGGIO', 'Julie', '', 'F', 5, '2005', 'FR', '', '2020-12-16 23:47:48'),
(241, 'GAUTHIER Maelle ', 'GAUTHIER Maelle', 'GAUTHIER', 'Maelle', '', 'F', 5, '2005', 'FR', '', '2020-12-16 23:47:48'),
(242, 'VATREY-GUILLEMIN Jade ', 'VATREY-GUILLEMIN Jade', 'VATREY-GUILLEMIN', 'Jade', '', 'F', 2, '2002', 'FR', '', '2020-12-16 23:47:48'),
(243, 'PETIT Mathilde ', 'PETIT Mathilde', 'PETIT', 'Mathilde', '', 'F', 5, '2005', 'FR', '', '2020-12-16 23:47:48'),
(244, 'JACQUET Anais ', 'JACQUET Anais', 'JACQUET', 'Anais', '', 'F', 5, '2005', 'FR', '', '2020-12-16 23:47:48'),
(245, 'OUEDRAOGO-CHARRIER Ribi ', 'OUEDRAOGO-CHARRIER Ribi', 'OUEDRAOGO-CHARRIER', 'Ribi', '', 'F', 6, '2006', 'FR', '', '2020-12-16 23:47:48'),
(246, 'MILTON Lauryn ', 'MILTON Lauryn', 'MILTON', 'Lauryn', '', 'F', 0, '20', 'FR', '', '2020-12-16 23:47:48'),
(247, 'SEBBAN Juliette ', 'SEBBAN Juliette', 'SEBBAN', 'Juliette', '', 'F', 6, '2006', 'FR', '', '2020-12-16 23:47:48'),
(248, 'EDZOA MVE Anne', 'EDZOA MVE Anne', 'EDZOA', 'MVE', 'Anne', 'F', 6, '2006', 'FR', '', '2020-12-16 23:47:49'),
(249, 'MENNAD Juliette ', 'MENNAD Juliette', 'MENNAD', 'Juliette', '', 'F', 6, '2006', 'FR', '', '2020-12-16 23:47:49');

--
-- Index pour les tables exportées
--

--
-- Index pour la table `club`
--
ALTER TABLE `club`
 ADD PRIMARY KEY (`club_id`);

--
-- Index pour la table `epreuve`
--
ALTER TABLE `epreuve`
 ADD PRIMARY KEY (`epreuve_id`);

--
-- Index pour la table `nationality`
--
ALTER TABLE `nationality`
 ADD PRIMARY KEY (`nationality_id`);

--
-- Index pour la table `result`
--
ALTER TABLE `result`
 ADD PRIMARY KEY (`result_id`);

--
-- Index pour la table `users`
--
ALTER TABLE `users`
 ADD PRIMARY KEY (`users_id`);

--
-- AUTO_INCREMENT pour les tables exportées
--

--
-- AUTO_INCREMENT pour la table `club`
--
ALTER TABLE `club`
MODIFY `club_id` int(11) NOT NULL AUTO_INCREMENT,AUTO_INCREMENT=160;
--
-- AUTO_INCREMENT pour la table `epreuve`
--
ALTER TABLE `epreuve`
MODIFY `epreuve_id` int(11) NOT NULL AUTO_INCREMENT,AUTO_INCREMENT=2;
--
-- AUTO_INCREMENT pour la table `nationality`
--
ALTER TABLE `nationality`
MODIFY `nationality_id` int(11) NOT NULL AUTO_INCREMENT,AUTO_INCREMENT=6;
--
-- AUTO_INCREMENT pour la table `result`
--
ALTER TABLE `result`
MODIFY `result_id` int(11) NOT NULL AUTO_INCREMENT,AUTO_INCREMENT=140;
--
-- AUTO_INCREMENT pour la table `users`
--
ALTER TABLE `users`
MODIFY `users_id` int(11) NOT NULL AUTO_INCREMENT,AUTO_INCREMENT=250;
/*!40101 SET CHARACTER_SET_CLIENT=@OLD_CHARACTER_SET_CLIENT */;
/*!40101 SET CHARACTER_SET_RESULTS=@OLD_CHARACTER_SET_RESULTS */;
/*!40101 SET COLLATION_CONNECTION=@OLD_COLLATION_CONNECTION */;
